,Category,Title,Year,Director,Rating,Edited,Lent To:,Notes
1,Miscellaneous,29,2003,Alan Seawright,NR,,,
2,Drama,127 Hours,2010,Danny Boyle,R,Yes,,Plex
3,Television,24 (Season 1),2001-2002,"Joel Surnow, Robert Cochran",TV-14,,,Plex
4,Television,24 (Season 2),2002-2003,"Joel Surnow, Robert Cochran",TV-14,,,Plex
5,Television,24 (Season 3),2003-2004,"Joel Surnow, Robert Cochran",TV-14,,,Plex
6,Horror/Suspense,28 Days Later,2002,Danny Boyle,R,Yes,,Plex
7,Miscellaneous,29: Day 2,2004,Alan Seawright,NR,,,
8,Horror/Suspense,39 Steps,1935,Alfred Hitchcock,UR,,,Plex
9,Horror/Suspense,Abbott and Costello Meet Frankenstein,1948,Charles Barton,NR,,,Plex
10,Horror/Suspense,"Abominable Dr. Phibes, The",1971,Robert Fuest,PG-13,,,Plex
11,Drama,About Time,2013,Richard Curtis,R,Yes,,Plex
12,Comedy,Ace Ventura: Pet Detective,1994,Tom Shadyac,PG-13,,,?
13,Television,"Adventures of Brisco County, Jr.: The Complete Series, The",1993-1994,"Carlton Cuse, Jeffrey Boam",TV-PG,,,Plex
14,Family,"Adventures of Ichabod and Mr. Toad, The",1949,"Clyde Geronimi, Jack Kinney, James Algar",G,,,Plex
15,Family,Aladdin,1992,"Ron Clements, John Musker",G,,,Plex
16,Comedy,Amélie,2001,Jean-Pierre Jeunet,R,Yes,,Plex
17,Family,An American Tail,1986,Don Bluth,G,,,Plex
18,Family,An American Tail: Fievel Goes West,1991,"Phil Nibbelink, Simon Wells",G,,,Plex
19,Comedy,Anchorman: The Legend of Ron Burgundy,2004,Adam McKay,PG-13,Yes,,Plex
20,Comedy,Animal Crackers,1930,Victor Heerman,G,,,Blu-ray
21,Family,Annie,1982,John Huston,PG,,,Plex
22,Television,Arrested Development (Season 1),2003-2004,Mitchell Hurwitz,TV-PG,,,Plex
23,Television,Arrested Development (Season 2),2004-2005,Mitchell Hurwitz,TV-14,,,Plex
24,Television,Arrested Development (Season 3),2005-2006,Mitchell Hurwitz,TV-14,,,Plex
25,Television,Avatar: The Last Airbender (Book 1),2005,"Michael Dante DiMartino, Bryan Konietzko",TV-Y7,,,Plex
26,Television,Avatar: The Last Airbender (Book 2),2006,"Michael Dante DiMartino, Bryan Konietzko",TV-Y7,,,Plex
27,Television,Avatar: The Last Airbender (Book 3),2007-2008,"Michael Dante DiMartino, Bryan Konietzko",TV-Y7,,,Plex
28,Action/Adventure,"Avengers, The",2012,Joss Whedon,PG-13,,,Plex
29,Comedy,Back to the Future,1985,Robert Zemeckis,PG,,,Plex
30,Comedy,Back to the Future Part II,1989,Robert Zemeckis,PG,,,Plex
31,Comedy,Back to the Future Part III,1990,Robert Zemeckis,PG,,,Plex
32,Comedy,Barefoot in the Park,1967,Gene Saks,G,,,Plex
33,Miscellaneous,Barenaked Ladies - Barelaked Nadies,2002,Tim Hamilton,NR,,,
34,Action/Adventure,Batman,1989,Tim Burton,PG-13,,,Plex
35,Action/Adventure,Batman & Robin,1997,Joel Schumacher,PG-13,,,Plex
36,Action/Adventure,Batman Begins,2005,Christopher Nolan,PG-13,,,Plex
37,Action/Adventure,Batman Forever,1995,Joel Schumacher,PG-13,,,Plex
38,Action/Adventure,Batman Returns,1992,Tim Burton,PG-13,,,Plex
39,Family,Beauty and the Beast,1991,"Kirk Wise, Gary Trousdale",G,,,Plex
40,Comedy,Beetlejuice,1988,Tim Burton,PG-13,,,Plex
41,Miscellaneous,Bellydance Core Conditioning,2005,Neena & Veena,NR,,,Plex
42,Comedy,Best In Show,2000,Christopher Guest,PG-13,,,Plex
43,Family,"Best Two Years, The",2003,Scott S. Anderson,PG,,,Plex
44,Comedy,Better Off Dead,1985,Savage Steve Holland,PG,,,Plex
45,Comedy,Big,1988,Penny Marshall,PG,,,Plex
46,Drama,Big Fish,2003,Tim Burton,PG-13,,,Plex
47,Comedy,Bill & Ted's Bogus Journey,1991,Peter Hewitt,PG,,,Plex
48,Comedy,Bill & Ted's Excellent Adventure,1989,Stephen Herek,PG,,,Plex
49,Horror/Suspense,Blackmail,1929,Alfred Hitchcock,UR,,,Plex
50,Horror/Suspense,"Blair Witch Project, The",1999,"Eduardo Sánchez, Daniel Myrick",R,Yes,,Plex
51,Miscellaneous,Blue Man Group - The Complex Rock Tour Live,2003,"Matt Goldman, Phil Stanton, Chris Wink",NR,,,Plex
52,Action/Adventure,"Boondock Saints, The",1999,Troy Duffy,R,Yes,,Plex
53,Drama,Braveheart,1995,Mel Gibson,R,Yes,,Plex
54,Comedy,Brian Regan: I Walked on the Moon,2004,John Brenkus,NR,,,Plex
55,Horror/Suspense,"Bride of Frankenstein, The",1935,James Whale,NR,,,Plex
56,Comedy,Bridesmaids,2011,Paul Feig,R,Yes,,Plex
57,Comedy,Bruce Almighty,2003,Tom Shadyac,PG-13,,,Plex
58,Horror/Suspense,Buffy the Vampire Slayer,1992,Fran Rubel Kuzui,PG-13,,,Plex
59,Comedy,Buster Keaton Collection,1920,Buster Keaton,UR,,,
60,Horror/Suspense,Cabin in the Woods,2012,Drew Goddard,R,Yes,,Plex
61,Family,Cars,2006,John Lasseter,G,,,Plex
62,Miscellaneous,Cartoon Lagoon,2012,Euralis Weekes,NR,,,
63,Drama,Casablanca,1942,Michael Curtiz,PG,,,Plex
64,Horror/Suspense,"Changeling, The",1980,Peter Medak,PG,,,Plex
65,Family,Charlie and the Chocolate Factory,2005,Tim Burton,PG,,,Plex
66,Family,Cheaper By The Dozen,2003,Shawn Levy,PG,,,Plex
67,Horror/Suspense,Chronicle,2012,Josh Trank,PG-13,,,Plex
68,Family,Cinderella,1950,"Clyde Geronimi, Wilfred Jackson, Hamilton Luske",G,,,Plex
69,Family,Cinderella,2015,Kenneth Branagh,PG,,,Plex
70,Family,"Cinderella Story, A",2004,Mark Rosman,PG,,,Plex
71,Family,Cloudy with a Chance of Meatballs,2009,"Chris Miller, Phil Lord",G,,,Plex
72,Comedy,Clue,1985,Jonathan Lynn,PG,,,Plex
73,Comedy,"Cocoanuts, The",1929,"Joseph Santley, Robert Florey",G,,,Blu-ray
74,Television,Community (Season 1),2009 - 2010,Dan Harmon,TV-PG,,,Plex
75,Television,Community (Season 2),2010 - 2011,Dan Harmon,TV-PG,,,Plex
76,Television,Community (Season 3),2011-2012,Dan Harmon,TV-PG,,,Plex
77,Television,Community (Season 4),2013,Dan Harmon,TV-PG,,,Plex
78,Television,Community (Season 5),2014,Dan Harmon,TV-PG,,,Plex
79,Television,Community (Season 6),2015,Dan Harmon,TV-PG,,,Plex
80,Miscellaneous,Core Secrets: 25 Minute Full Body Workout / Accelerated Core Training,2003,Gunnar Peterson,NR,,,
81,Drama,"Count of Monte Cristo, The",2002,Kevin Reynolds,PG-13,,,Plex
82,Horror/Suspense,Creature from the Black Lagoon,1954,Jack Arnold,NR,,,Plex
83,Miscellaneous,Crunch - Pick Your Spot Pilates,2002,Ellen Barrett,NR,,,
84,Action/Adventure,"Dark Knight Rises, The",2012,Christopher Nolan,PG-13,,,Plex
85,Action/Adventure,"Dark Knight, The",2008,Christopher Nolan,PG-13,,,Plex
86,Horror/Suspense,Dawn of the Dead,2004,Zack Snyder,R,Yes,,Plex
87,Horror/Suspense,Dementia 13,1963,Francis Ford Coppola,UR,,,Plex
88,Drama,"Departed, The",2006,Martin Scorsese,R,Yes,,Plex
89,Family,Despicable Me,2010,"Pierre Coffin, Chris Renaud",PG,,,Plex
90,Horror/Suspense,Devil,2010,John Erick Dowdle,PG-13,,,Plex
91,Action/Adventure,Die Hard,1988,John McTiernan,R,Yes,,Plex
92,Action/Adventure,District 9,2009,Neill Blomkamp,R,Yes,,Plex
93,Comedy,Dr. Strangelove or: How I Learned to Stop Worrying and Love the Bomb,1964,Stanley Kubrick,PG,,,Plex
94,Horror/Suspense,Dracula,1931,"Tod Browning, Karl Freund",NR,,,Plex
95,Comedy,"Dream Team, The",1989,Howard Zieff,PG-13,,,Plex
96,Comedy,Duck Soup,1933,Leo McCarey,G,,,Blu-ray
97,Comedy,Dumb & Dumber,1994,The Farrelly Brothers,PG-13,,,Plex
98,Family,"Emperor’s New Groove, The",2000,Mark Dindal,G,,,
99,Family,Enchanted,2007,Kevin Lima,PG,,,Plex
100,Family,Ernest Goes to Camp,1987,John R. Cherry III,PG,,,Plex
101,Family,Ernest Goes to Jail,1990,John R. Cherry III,PG,,,Plex
102,Family,Ernest Scared Stupid,1991,John R. Cherry III,PG,,,Plex
103,Drama,Eternal Sunshine of the Spotless Mind,2004,Michel Gondry,R,Yes,,Plex
104,Drama,Far and Away,1992,Ron Howard,PG-13,,,Plex
105,Miscellaneous,Faux Paw Adventures in the Internet,2008,Kreg Peeler,NR,,,Plex
106,Comedy,Ferris Bueller’s Day Off,1986,John Hughes,PG-13,,,Plex
107,Horror/Suspense,Fido,2006,Andrew Currie,R,,,Plex
108,Family,Finding Nemo,2003,Andrew Stanton,G,,,
109,Drama,Finding Neverland,2004,Marc Forster,PG,,,Plex
110,Television,Firefly: The Complete Series,2002-2003,Joss Whedon,TV-14,,,Plex
111,Comedy,Fletch,1985,Michael Ritchie,PG,,,Plex
112,Comedy,Fletch Lives,1989,Michael Ritchie,PG,,,Plex
113,Family,"Flight of Dragons, The",1982,Arthur Rankin & Jules Bass,NR,,,
114,Horror/Suspense,Frankenstein,1931,James Whale,NR,,,Plex
115,Horror/Suspense,Frankenstein Meets the Wolf Man,1943,Roy William Neill,UR,,,Plex
116,Horror/Suspense,Garfield's Halloween Adventure,1985,Phil Roman,TV-G,,,Amazon Prime
117,Comedy,"General, The",1927,Buster Keaton,UR,,,Plex
118,Comedy,Ghostbusters,1984,Ivan Reitman,PG,,,Plex
119,Drama,Gone with the Wind,1939,Victor Fleming,G,,,Plex
120,Family,"Goofy Movie, A",1995,Kevin Lima,G,,,Plex
121,Family,"Goonies, The",1985,Richard Donner,PG,,,Plex
122,Family,"Great Muppet Caper, The",1981,Jim Henson,G,,,Plex
123,Family,"Greatest Showman, The",2017,Michael Gracey,PG,,,Plex
124,Drama,"Green Mile, The",1999,Frank Darabont,R,Yes,,Plex
125,Comedy,Gremlins,1984,Joe Dante,PG,,,Plex
126,Comedy,Gremlins 2: The New Batch,1990,Joe Dante,PG-13,,,Plex
127,Comedy,Groundhog Day,1993,Harold Ramis,PG,,,Plex
128,Horror/Suspense,"Grudge, The",2004,Takashi Shimizu,PG-13,,,Plex
129,Action/Adventure,Harry Potter and the Chamber of Secrets,2002,Chris Columbus,PG,,,Plex
130,Action/Adventure,Harry Potter and the Deathly Hallows – Part 1,2010,David Yates,PG-13,,,Plex
131,Action/Adventure,Harry Potter and the Deathly Hallows – Part 2,2011,David Yates,PG-13,,,Plex
132,Action/Adventure,Harry Potter and the Goblet of Fire,2005,Mike Newell,PG-13,,,Plex
133,Action/Adventure,Harry Potter and the Half-Blood Prince,2009,David Yates,PG,,,Plex
134,Action/Adventure,Harry Potter and the Order of the Phoenix,2007,David Yates,PG-13,,,Plex
135,Action/Adventure,Harry Potter and the Prisoner of Azkaban,2004,Alfonso Cuarón,PG,,,Plex
136,Action/Adventure,Harry Potter and the Sorcerer's Stone,2001,Chris Columbus,PG,,,Plex
137,Horror/Suspense,Haunted Honeymoon,1986,Gene Wilder,PG,,,Plex
138,Horror/Suspense,"Haunting, The",1963,Robert Wise,NR,,,Plex/Amazon Prime
139,Drama,He Loves Me... He Loves Me Not,2002,Laetitia Colombani,PG-13,,,Plex
140,Comedy,Heart and Souls,1993,Ron Underwood,PG-13,,,Plex
141,Family,Heidi's Song,1982,Robert Taylor,G,,,
142,Family,High School Musical,2006,Kenny Ortega,G,,,Plex
143,Comedy,Hitch,2005,Andy Tennant,PG-13,,,Plex
144,Family,Home Alone,1990,Chris Columbus,PG,,,Plex
145,Family,"Honey, I Shrunk the Kids",1989,Joe Johnston,PG,,,Plex
146,Family,Hook,1991,Steven Spielberg,PG,,,Plex
147,Comedy,Horse Feathers,1932,Norman Z. McLeod,G,,,Blu-ray
148,Comedy,Hot Fuzz,2007,Edgar Wright,R,Yes,,Plex
149,Comedy,Hot Shots!,1991,Jim Abrahams,PG-13,,,Plex
150,Comedy,Hot Shots! Part Deux,1993,Jim Abrahams,PG-13,,,Plex
151,Horror/Suspense,House on Haunted Hill,1959,William Castle,NR,,,Rifftrax
152,Family,How to Succeed in Business Without Really Trying,1967,David Swift,UR,,,Plex
153,Comedy,"Hudsucker Proxy, The",1994,"Joel Coen, Ethan Coen",PG,,,Plex
154,Comedy,"I Love You, Man",2009,John Hamburg,R,Yes,,Plex
155,Horror/Suspense,Identity,2003,James Mangold,R,Yes,,Plex
156,Family,In the Good Old Summertime,1949,"Buster Keaton, Robert Z. Leonard",UR,,,Plex
157,Action/Adventure,Inception,2010,Christopher Nolan,PG-13,,,Plex
158,Action/Adventure,"Incredible Hulk, The",2008,Louis Leterrier,PG-13,,,Plex
159,Family,"Incredibles, The",2004,Brad Bird,PG,,,Plex
160,Action/Adventure,Independence Day,1996,Roland Emmerich,PG-13,,,Plex
161,Action/Adventure,Indiana Jones and the Last Crusade,1989,Steven Spielberg,PG-13,,,Plex
162,Action/Adventure,Indiana Jones and the Raiders of the Lost Ark,1981,Steven Spielberg,PG,,,Plex
163,Action/Adventure,Indiana Jones and the Temple of Doom,1984,Steven Spielberg,PG,,,Plex
164,Comedy,Innerspace,1987,Joe Dante,PG,,,Plex
165,Horror/Suspense,Invaders From Mars,1986,Tobe Hooper,PG,,,Plex
166,Horror/Suspense,"Invisible Man, The",1933,James Whale,NR,,,Plex
167,Action/Adventure,Iron Man,2008,Jon Favreau,PG-13,,,Plex
168,Family,It's a Wonderful Life,1946,Frank Capra,NR,,,Plex
169,Action/Adventure,"Italian Job, The",2003,F. Gary Gray,PG-13,,,Plex
170,Horror/Suspense,Jaws,1975,Steven Spielberg,PG,,,Plex
171,Comedy,Josie and the Pussycats,2001,"Harry Elfont, Deborah Kaplan",PG-13,,,Plex
172,VHS,Joy Ride,2001,John Dahl,R,Yes,,
173,Family,Jumanji,1995,Joe Johnston,PG,,,Plex
174,Horror/Suspense,Juno & The Paycock,1930,Alfred Hitchcock,UR,,,
175,Action/Adventure,Jurassic Park,1993,Steven Spielberg,PG-13,,,Plex
176,Action/Adventure,Kick-@$$,2010,Matthew Vaughn,R,Yes,,Plex
177,Comedy,"Kid, The",1921,Charlie Chaplin,UR,,,Plex
178,Comedy,"King of Kong: A Fistful of Quarters, The",2007,Seth Gordon,PG-13,,,Plex
179,Comedy,Kung Fu Hustle,2005,Stephen Chow,R,Yes,,Plex
180,Comedy,Kung Pow! Enter the Fist,2001,Steve Oedekerk,PG-13,,,Plex
181,Drama,La La Land,2016,Damien Chazelle,PG-13,,,Plex
182,Family,Labyrinth,1986,Jim Henson,PG,,,Plex
183,Drama,Ladder 49,2004,Jay Russell,PG-13,,,Plex
184,Horror/Suspense,Lady in White,1988,Frank Laloggia,PG-13,,,Plex
185,Horror/Suspense,"Lady Vanishes, The",1938,Alfred Hitchcock,UR,,,Plex
186,Action/Adventure,Ladyhawke,1985,Richard Donner,PG-13,,,Plex
187,Drama,Lars and the Real Girl,2007,Craig Gillespie,PG-13,,,Plex
188,Family,Leap Frog: Letter Factory,2009,Roy Allen Smith,G,,,Plex
189,Family,Leap!,2016,"Eric Summer, Éric Warin",PG,,,YouTube Movies
190,Drama,Leave Her to Heaven,1945,John M. Stahl,UR,,,Plex
191,Family,"Lego Movie, The",2014,"Chris Miller, Phil Lord",PG,,,Plex
192,Drama,Les Misérables,1998,Billie August,PG-13,,,Plex
193,Miscellaneous,Les Miserables the Musical That Swept the World in Concert: The Dream Cast,1995,"Gavin Taylor, Paul Kafno",NR,,,Plex
194,Family,"Lion King, The",1994,"Rob Minkoff, Roger Allers",G,,,Plex
195,Family,"Little Mermaid, The",1989,"Ron Clements, John Musker",G,,,Plex
196,Drama,Little Miss Sunshine,2006,"Jonathan Dayton, Valerie Faris",R,Yes,,Plex
197,Horror/Suspense,Little Shop of Horrors,1986,Frank Oz,PG-13,,,Blu-ray
198,Action/Adventure,Live Die Repeat: Edge of Tomorrow,2014,Doug Liman,PG-13,,,Plex
199,Family,"Lizzie McGuire Movie, The",2003,Jim Fall,PG,,,Plex
200,Action/Adventure,"Lock, Stock and Two Smoking Barrels",1999,Guy Ritchie,R,Yes,,Plex
201,Horror/Suspense,Lodger,1927,Alfred Hitchcock,UR,,,Plex
202,Action/Adventure,Lord of the Rings: The Fellowship of the Ring,2001,Peter Jackson,PG-13,,,Plex
203,Action/Adventure,"Lord of the Rings: The Return of the King, The",2003,Peter Jackson,PG-13,,,Plex
204,Action/Adventure,"Lord of the Rings: The Two Towers, The",2002,Peter Jackson,PG-13,,,Plex
205,Comedy,Love Actually,2003,Richard Curtis,R,Yes,,Plex
206,Action/Adventure,Lucky Number Slevin,2006,Paul McGuigan,R,Yes,,Plex
207,Horror/Suspense,Mad Monster Party,1999,Jules Bass,NR,,,Amazon Prime
208,Television,Malcolm in the Middle (Season 1),2000,Linwood Boomer,TV-PG,,,Plex
209,Horror/Suspense,"Man Who Knew Too Much, The",1934,Alfred Hitchcock,UR,,,Plex
210,Family,Marley & Me,2008,David Frankel,PG,,,Plex
211,Action/Adventure,"Mask of Zorro, The",1998,Martin Campbell,PG-13,,,Plex
212,Comedy,"Mask, The",1994,Chuck Russell,PG-13,,,Plex
213,Horror/Suspense,"Masque of the Red Death, The",1964,Roger Corman,UR,,,Plex
214,Comedy,"Matador, The",2005,Richard Shepard,R,Yes,,Plex
215,Family,Matilda,1996,Danny DeVito,PG,,,Plex
216,Action/Adventure,"Matrix, The",1999,The Wachowski Brothers,R,,,Plex
217,Comedy,Maverick,1994,Richard Donner,PG,,,Plex
218,Drama,Memento,2001,Christopher Nolan,R,Yes,,Plex
219,Comedy,Men in Black,1997,Barry Sonnenfeld,PG-13,,,Plex
220,Drama,Metropolis,1927,Fritz Lang,UR,,,Blu-ray
221,Comedy,"Mighty Wind, A",2003,Christopher Guest,PG-13,,,Plex
222,Drama,Millions,2004,Danny Boyle,PG-13,,,Plex
223,Action/Adventure,Mission: Impossible,1996,Brian De Palma,PG-13,,,Plex
224,Action/Adventure,Mission: Impossible II,2000,John Woo,PG-13,,,Plex
225,Action/Adventure,Mission: Impossible III,2006,J.J. Abrams ,PG-13,,,Plex
226,Family,Moana,2016,"Ron Clements, John Musker",PG,,,Plex
227,Comedy,Monkey Business,1931,Norman Z. McLeod,G,,,Blu-ray
228,Family,Monster House,2006,Gil Kenan,PG,,,Plex
229,Horror/Suspense,"Monster Squad, The",1987,Fred Dekker,PG-13,,,Plex
230,Family,"Monsters, Inc.",2001,"Pete Docter, Lee Unkrich, David Silverman",G,,,Plex
231,Comedy,Monty Python and the Holy Grail,1975,"Terry Gilliam, Terry Jones",PG,,,Plex
232,Horror/Suspense,"Mothman Prophecies, The",2002,Mark Pellington,PG-13,,,Plex
233,Drama,Moulin Rouge!,2001,Baz Luhrmann,PG-13,,,Plex
234,Action/Adventure,Mr. & Mrs. Smith,2005,Doug Liman,PG-13,,,Plex
235,Family,Mr. Krueger’s Christmas,1980,Kieth Merrill,NR,,,Plex
236,Family,Mr. Popper's Penguins,2011,Mark Waters,PG,,,Plex
237,Comedy,Mrs. Doubtfire,1993,Chris Columbus,PG-13,,,Plex
238,Horror/Suspense,"Mummy, The",1932,Karl Freund,NR,,,Plex
239,Family,"Muppet Movie, The",1979,James Frawley,G,,,Plex
240,Family,"Muppets, The",2011,James Bobin,PG,,,Plex
241,Comedy,My Big Fat Greek Wedding,2002,Joel Zwick,PG,,,Plex
242,Family,My Little Pony: Equestria Girls,2013,Jayson Thiessen,G,,,Plex
243,Comedy,Mystery Men,1999,Kinka Usher,PG-13,,,Plex
244,Television,"Mystery Science Theater 3000 Collection, Volume 1, The",2002,Joel Hodgson,TV-14,,,Plex
245,Television,"Mystery Science Theater 3000 Collection, Volume 2, The",2003,Joel Hodgson,TV-14,,,Plex
246,Television,"Mystery Science Theater 3000 Collection, Volume 4, The",2003,Joel Hodgson,TV-14,,,Plex
247,Television,"Mystery Science Theater 3000 Collection, Volume 5, The",2004,Joel Hodgson,TV-14,,,Plex
248,Television,"Mystery Science Theater 3000 Collection, Volume 8, The",2005,Joel Hodgson,TV-14,,,Plex
249,Television,Mystery Science Theater 3000: 20th Anniversary Edition,2008,Joel Hodgson,TV-14,,,Plex
250,Television,Mystery Science Theater 3000: Eegah!,1993,Joel Hodgson,TV-14,,,Plex
251,Television,Mystery Science Theater 3000: Escape 2000,1996,Joel Hodgson,TV-14,,,Plex
252,Television,Mystery Science Theater 3000: Mitchell,1993,Joel Hodgson,TV-14,,,Plex
253,Television,Mystery Science Theater 3000: Samson vs. Vampire Women,1995,Joel Hodgson,TV-14,,,Plex
254,Television,Mystery Science Theater 3000: The Essentials,2004,Joel Hodgson,TV-14,,,Plex
255,Comedy,Mystery Science Theater 3000: The Movie,1996,Jim Mallon,PG-13,,,Plex
256,Television,Mystery Science Theater 3000: Wild World of Batwoman,1993,Joel Hodgson,TV-14,,,Plex
257,Comedy,"Naked Gun 2½: The Smell of Fear, The",1991,David Zucker,PG-13,,,Plex
258,Comedy,"Naked Gun: From the Files of Police Squad!, The",1988,David Zucker,PG-13,,,Plex
259,Comedy,Napoleon Dynamite,2004,Jared Hess,PG,,,Plex
260,Comedy,National Lampoon’s Loaded Weapon 1,1993,Gene Quintano,PG-13,,,Plex
261,Family,"NeverEnding Story, The",1984,Wolfgang Petersen,PG,,,Plex
262,Family,Newsies,1992,Kenny Ortega,PG,,,Plex
263,Horror/Suspense,Night of the Living Dead,1968,George A. Romero,UR,,,Plex
264,Family,"Nightmare Before Christmas, The",1993,Henry Selick,PG,,,Plex
265,Horror/Suspense,Nosferatu,1922,F. W. Murnau,UR,,,Plex
266,Action/Adventure,Ocean's Eleven,2001,Steven Soderbergh,PG-13,,,Plex
267,Miscellaneous,Ogden: Junction City of the West,2007,Issac Goeckeritz,NR,,,
268,Family,One Magic Christmas,1985,Phillip Borsos,G,,,Plex
269,Family,Open Season,2006,"Anthony Stacchi, Roger Allers, Jill Culton",G,,,Plex
270,Comedy,Opportunity Knocks,1990,Donald Petrie,PG-13,,,Plex
271,Comedy,Oscar,1991,John Landis,PG,,,Plex
272,Miscellaneous,Pet Shop,2005,Trent Halvorsen,NR,,,Plex
273,Family,Peter Pan,1953,"Hamilton Luske, Clyde Geronimi, Wilfred Jackson",G,,,Plex
274,Drama,"Phantom of the Opera, The",2005,Joel Schumacher,PG-13,,,Plex
275,Horror/Suspense,"Phantom of the Opera, The",1925,"Lon Chaney, Sr., Edward Sedgwick, Rupert Julian, Ernst Laemmle",UR,,,Plex
276,Action/Adventure,Phone Booth,2003,Joel Schumacher,R,Yes,,Plex
277,Family,"Pink Panther and Friends Classic Cartoon Collection, Vol. 5: The Ant and the Aardvark, The",2007,Robert Sledge,G,,,
278,Action/Adventure,Pirates of the Caribbean: The Curse of the Black Pearl,2003,Gore Verbinski,PG-13,,,Plex
279,Horror/Suspense,Plan 9 from Outer Space,1959,Ed Wood,UR,,,Plex
280,Comedy,"Planes, Trains and Automobiles",1987,John Hughes,R,Yes,,Plex
281,Television,Police Squad! The Complete Series,1982,"Jim Abrahams, David Zucker, Jerry Zucker",TV-PG,,,Plex
282,Family,Pollyanna,1960,David Swift,G,,,Plex
283,Drama,"Power of One, The",1992,John G. Avildsen,PG-13,,,Plex
284,Family,Praise to the Man,2005,"T.C. Christensen, Gary Cook",NR,,,Plex
285,Action/Adventure,Predator,1987,John McTiernan,R,Yes,,Plex
286,Horror/Suspense,"Premature Burial, The",1962,Roger Corman,UR,,,Plex
287,Drama,Pride and Prejudice,2005,Joe Wright,PG,,,Plex
288,Family,"Princess Bride, The",1986,Rob Reiner,PG,,,Plex
289,Horror/Suspense,Psycho,1960,Alfred Hitchcock,UR,,,Plex
290,Television,Pushing Daisies (Season 1),2007,Bryan Fuller,TV-PG,,,Plex
291,Television,Pushing Daisies (Season 2),2008-2009,Bryan Fuller,TV-PG,,,Plex
292,Comedy,"Pyromaniac’s Love Story, A",1995,Joshua Brand,PG,,,Plex
293,Comedy,Raising Arizona,1987,"Joel Coen, Ethan Coen",PG-13,,,Plex
294,Family,Ratatouille,2007,"Brad Bird, Jan Pinkava",G,,,Plex
295,Horror/Suspense,Rear Window,1954,Alfred Hitchcock,UR,,,Plex
296,Horror/Suspense,"Return of Dracula, The",1958,Paul Landres,UR,,,Plex
297,Horror/Suspense,Rich & Strange,1931,Alfred Hitchcock,UR,,,Plex
298,Horror/Suspense,"Ring, The",1927,Alfred Hitchcock,UR,,,Plex
299,Horror/Suspense,"Ring, The",2002,Gore Verbinski,PG-13,,,Plex
300,Action/Adventure,Robin Hood: Prince of Thieves,1991,Kevin Reynolds,PG-13,,,Amazon Prime
301,Action/Adventure,"Rocketeer, The",1991,Joe Johnston,PG,,,Plex
302,Television,Roswell (Season 1),1999-2000,Jonathon Dukes,TV-14,,,Plex
303,Television,Roswell (Season 2),2000-2001,Jonathon Dukes,TV-14,,,Plex
304,Television,Roswell (Season 3),2001-2002,Jonathon Dukes,TV-14,,,Plex
305,Comedy,"Royal Tenenbaums, The",2001,Wes Anderson,R,Yes,,Plex
306,Horror/Suspense,Sabotage,1936,Alfred Hitchcock,UR,,,Plex
307,Family,"Sandlot, The",1993,David M. Evans,PG,,,Plex
308,Television,Saturday Night Live - 25th Anniversary,2004,Lorne Michaels,TV-14,,,Plex
309,Family,Saturday’s Warrior,1989,Bob Williams,G,,,Plex
310,Television,Saved By the Bell (Season 5),1992-1993,Sam Bobrick,TV-PG,,,Plex
311,Television,Saved by the Bell (Seasons 1 & 2),1989-1990,Sam Bobrick,TV-PG,,,Plex
312,Television,Saved by the Bell (Seasons 3 & 4) ,1990-1992,Sam Bobrick,TV-PG,,,Plex
313,Television,Saved by the Bell: Hawaiian Style,1992,Don Barnhart,TV-PG,,,Amazon Prime
314,Television,Saved by the Bell: The College Years,1993-1994,"Miguel Higuera, Jeffrey Melman",TV-PG,,,Amazon Prime
315,Television,Saved by the Bell: Wedding in Las Vegas,1994,"Don Barnhart, Jeffrey Melman",TV-PG,,,Amazon Prime
316,Horror/Suspense,Saw,2004,James Wan,R,Yes,,Plex
317,Comedy,Say Anything,1989,Cameron Crowe,PG-13,,,Plex
318,Comedy,School of Rock,2003,Richard Linklater,PG-13,,,Plex
319,Television,"Scooby-Doo! Dynomutt Hour, The",1976,Charles A. Nichols,TV-Y7,,,Plex
320,Horror/Suspense,Secret Agent,1936,Alfred Hitchcock,UR,,,Plex
321,Comedy,Serendipity,2001,Peter Chelsom,PG-13,,,Plex
322,Action/Adventure,Serenity,2005,Joss Whedon,PG-13,,,Plex
323,Miscellaneous,Seven Days Seven Workouts,2005,N/A,NR,,,
324,Horror/Suspense,Shaun of the Dead,2004,Edgar Wright,R,Yes,,Plex
325,Drama,"Shawshank Redemption, The",1994,Frank Darabont,R,Yes,,Plex
326,Horror/Suspense,She-Wolf of London,1946,Jean Yarbrough,UR,,,Plex
327,Family,"Shop Around the Corner, The",1940,Ernst Lubitsch,UR,,,Plex
328,Family,Shrek,2001,"Andrew Adamson, Vicky Jenson",PG,,,Plex
329,Family,Shrek 2,2004,"Andrew Adamson, Kelly Asbury, Conrad Vernon",PG,,,Plex
330,Horror/Suspense,Signs,2002,M. Night Shyamalan,PG-13,,,Plex
331,Drama,Silver Linings Playbook,2012,David O. Russell,R,Yes,,Plex
332,Horror/Suspense,"Sixth Sense, The",1999,M. Night Shyamalan,PG-13,,,Plex
333,Family,Sleeping Beauty,1959,Clyde Geronimi,G,,,Plex
334,Drama,Sliding Doors,1998,Peter Howitt,PG-13,,,Plex
335,Drama,Slumdog Millionaire,2008,Danny Boyle,R,,,Plex
336,Action/Adventure,Snatch,2001,Guy Ritchie,R,Yes,,Plex
337,Action/Adventure,Sneakers,1992,Phil Alden Robinson,PG-13,,,Plex
338,Family,Snow White and the Seven Dwarfs,1938,"Larry Morey, Wilfred Jackson, Ben Sharpsteen, Perce Pearce, David Hand, William Cottrell",G,,,Plex
339,Comedy,So I Married An Axe Murderer,1993,Thomas Schlamme,PG-13,,,Plex
340,Family,Song of the South,1946,"Harve Foster, Wilfred Jackson",G,,,Plex
341,Family,"Sound of Music, The",1965,Robert Wise,G,,,Plex
342,Action/Adventure,Spider-Man,2002,Sam Raimi,PG-13,,,Plex
343,Action/Adventure,Spider-Man 2,2004,Sam Raimi,PG-13,,,Plex
344,Action/Adventure,Spider-Man: Into the Spider-Verse,2018,"Peter Ramsey, Bob Persichetti, Rodney Rothman",PG,,,Plex
345,Comedy,Spies Like Us,1985,John Landis,PG,,,Plex
346,Action/Adventure,Star Wars Episode I: The Phantom Menace,1999,George Lucas,PG,,,Plex
347,Action/Adventure,Star Wars Episode II: Attack of the Clones,2002,George Lucas,PG,,,Plex
348,Action/Adventure,Star Wars Episode III: Revenge of the Sith,2005,George Lucas,PG-13,,,Plex
349,Action/Adventure,Star Wars Episode IV: A New Hope,1977,George Lucas,PG,,,Plex
350,Action/Adventure,Star Wars Episode V: The Empire Strikes Back,1980, Irvin Kershner,PG,,,Plex
351,Action/Adventure,Star Wars Episode VI: Return of the Jedi,1983,Richard Marquand,PG,,,Plex
352,Action/Adventure,Stargate,1994,Roland Emmerich,PG-13,,,YouTube Movies
353,Comedy,"Steamboat Bill, Jr.",1928,Buster Keaton,G,,,Plex
354,Horror/Suspense,Strange Invaders,1983,Michael Laughlin,PG,,,Plex
355,Drama,Stranger than Fiction,2006,Marc Forster,PG-13,,,Plex
356,Action/Adventure,Superman II,1980,Richard Lester,PG,,,Plex
357,Action/Adventure,Superman III,1983,Richard Lester,PG,,,Plex
358,Action/Adventure,Superman IV: The Quest for Peace,1987,Sidney J. Furie,PG,,,Plex
359,Action/Adventure,Superman: The Movie,1978,Richard Donner,PG,,,Plex
360,Comedy,Supersize Me,2004,Morgan Spurlock,PG-13,,,Plex
361,Family,Support Your Local Gunfighter,1971,Burt Kennedy,G,,,Plex
362,Family,Support Your Local Sheriff,1969,Burt Kennedy,G,,,Plex
363,Horror/Suspense,Sweeney Todd: The Demon Barber of Fleet Street,2007,Tim Burton,R,Yes,,Plex
364,Comedy,Sweet Home Alabama,2002,Andy Tennant,PG-13,,,Plex
365,Family,"Sword in the Stone, The",1963,Wolfgang Reitherman,G,,,Plex
366,Comedy,Team America: World Police,2004,Trey Parker,R,Yes,,Plex
367,Family,Teenage Mutant Ninja Turtles,1990,Steve Barron,PG,,,Plex
368,Family,Teenage Mutant Ninja Turtles II: The Secret of the Ooze,1991,Michael Pressman,PG,,,Plex
369,Action/Adventure,Terminator 2: Judgment Day,1991,James Cameron,R,Yes,,Plex
370,Action/Adventure,The Fugitive,1993,Andrew Davis,PG-13,,,Plex
371,Family,They Might Be Giants: Here Comes Science,2009,"John Linnell, John Flansburgh",G,,,
372,Family,They Might Be Giants: Here Comes the 123s,2008,"John Linnell, John Flansburgh",G,,,Plex
373,Family,They Might Be Giants: Here Comes the ABCs,2005,"John Linnell, John Flansburgh",G,,,Plex
374,Horror/Suspense,"Thing from Another World, The",1951,"Christian Nyby, Howard Hawks",UR,,,Plex
375,Comedy,Three Amigos,1986,John Landis,PG,,,Plex
376,Comedy,Tillie’s Punctured Romance,1914,Mack Sennett,UR,,,Plex
377,Comedy,Tommy Boy,1995,Peter Segal,PG-13,,,Plex
378,Horror/Suspense,Tormented,1960,Bert I. Gordon,UR,,,Plex
379,Family,Toy Story,1995,John Lasseter,G,,,Plex
380,Family,Toy Story 2,1999,John Lasseter,G,,,Plex
381,Family,Toy Story 3,2010,Lee Unkrich,G,,,Plex
382,Drama,True Grit,2010,"Joel Coen, Ethan Coen",PG-13,,,Plex
383,Drama,"Truman Show, The",1998,Peter Weir,PG,,,Plex
384,Comedy,UHF,1989,Jay Levey,PG-13,,,Plex
385,Horror/Suspense,Unbreakable,2000,M. Night Shyamalan,PG-13,,,Plex
386,Drama,Unforgiven,1992,Clint Eastwood,R,Yes,,Plex
387,VHS,Untouchables,1987,Brian De Palma,R,Yes,,Plex
388,Horror/Suspense,Vacancy,2007,Nimród Antal,R,Yes,,Plex
389,Horror/Suspense,"Vampire, The",1957,Paul Landres,UR,,,Plex
390,Horror/Suspense,"Village, The",2004,M. Night Shyamalan,PG-13,,,Plex
391,Comedy,Waiting For Guffman,1996,Christopher Guest,R,Yes,,Plex
392,Comedy,Waking Ned Devine,1998,Kirk Jones,PG,,,Plex
393,Horror/Suspense,"War of the Worlds, The",1953,Byron Haskin,G,,,
394,Action/Adventure,Watchmen,2009,Zack Snyder,R,Yes,,Plex
395,Comedy,Wayne's World,1992,Penelope Spheeris,PG-13,,,Plex
396,Family,We Bought a Zoo,2011,Cameron Crowe,PG,,,Plex
397,Comedy,"Wedding Planner, The",2001,Adam Shankman,PG-13,,,Plex
398,Comedy,Weekend at Bernie's,1989,Ted Kotchef,PG-13,,,Plex
399,Horror/Suspense,Werewolf of London,1935,Stuart Armstrong Walker,UR,,,Plex
400,Family,What a Girl Wants,2003,Dennie Gordon,PG,,,Plex
401,Horror/Suspense,What's the Matter With Helen?,1971,Curtis Harrington,R?,,,Plex
402,Horror/Suspense,Whoever Slew Auntie Roo?,1972,Curtis Harrington,PG-13,,,Plex
403,Family,Willy Wonka and the Chocolate Factory,1971,Mel Stuart,G,,,Plex
404,Television,Wings (Season 1 & 2),1990-1991,"David Angell, Peter Casey, David Lee",TV-PG,,,Plex
405,Television,Wings (Season 3),1991-1992,"David Angell, Peter Casey, David Lee",TV-PG,,,Plex
406,Television,Wings (Season 4),1992-1993,"David Angell, Peter Casey, David Lee",TV-PG,,,Plex
407,Television,Wings (Season 5),1993-1994,"David Angell, Peter Casey, David Lee",TV-PG,,,Plex
408,Television,Wings (Season 6),1994-1995,"David Angell, Peter Casey, David Lee",TV-PG,,,Plex
409,Television,Wings (Season 7),1995-1996,"David Angell, Peter Casey, David Lee",TV-PG,,,Plex
410,Television,Wings (Season 8),1996-1997,"David Angell, Peter Casey, David Lee",TV-PG,,,Plex
411,Horror/Suspense,"Wolf Man, The",1941,George Waggner,UR,,,Plex
412,Family,Wonder,2017,Stephen Chbosky,PG,,,Plex
413,Family,Wreck-It Ralph,2012,Rich Moore,PG,,,YouTube Movies
414,Action/Adventure,X-Men,2000,Bryan Singer,PG-13,,,Plex
415,Action/Adventure,X-Men: The Last Stand,2006,Brett Ratner ,PG-13,,,Plex
416,Action/Adventure,X2,2003,Bryan Singer,PG-13,,,Plex
417,Horror/Suspense,Young & Innocent,1937,Alfred Hitchcock,UR,,,Plex
418,Action/Adventure,Young Guns,1988,Christopher Cain,R,Yes,,Plex
419,Horror/Suspense,Zombieland,2009,Ruben Fleischer,R,Yes,,Plex
420,Family,Zootopia,2016,"Byron Howard, Rich Moore",PG,,,Plex